{"total_volume": -2.930766985295453e-08, "year": -0.01013094298980527, "Albany": -0.004895235268533471, "Atlanta": -0.17755243071905943, "Boise": -0.04347553326852423, "Boston": 0.049998706672913895, "Buffalo/Rochester": -0.09370340200271476, "California": 0.053175797912061284, "Charlotte": 0.06081777424291632, "Chicago": 0.04893968165491269, "Cincinnati/Dayton": -0.251448374563626, "Columbus": -0.2854417050590914, "Dallas/Ft. Worth": -0.3803612572446121, "Denver": -0.2115434924745359, "Detroit": -0.23796305406045073, "Grand Rapids": -0.033304342794023986, "Great Lakes": -0.11710855585633873, "Harrisburg/Scranton": -0.10290171830686964, "Hartford/Springfield": 0.30484448477754833, "Houston": -0.38706488860663957, "Indianapolis": -0.23052162075805305, "Jacksonville": -0.0977707969946002, "Las Vegas": -0.1275110327906247, "Los Angeles": -0.13969981154504216, "Louisville": -0.21571700079562156, "Miami/Ft. Lauderdale": -0.14003719915579638, "Midsouth": -0.06943014615288748, "Nashville": -0.2774221445277857, "New Orleans/Mobile": -0.2620514865809687, "New York": 0.18671211451295214, "Northeast": 0.1094199268918212, "Northern New England": -0.04070130745030122, "Orlando": -0.10590552310655274, "Philadelphia": 0.0437222534216065, "Phoenix/Tucson": -0.25151078358878504, "Pittsburgh": -0.15838993816516092, "Plains": -0.10455700386578387, "Portland": -0.08473089907293482, "Raleigh/Greensboro": 0.07675132691336693, "Richmond/Norfolk": -0.24046518875556333, "Roanoke": -0.2569898553847898, "Sacramento": 0.09158356474715187, "San Diego": -0.030670338657966367, "San Francisco": 0.2649467672250291, "Seattle": 0.06836698388776816, "South Carolina": -0.12788122190210605, "South Central": -0.2799079677088423, "Southeast": -0.09934729247802383, "Spokane": 0.03076033911464523, "St. Louis": -0.025286700616406324, "Syracuse": -0.07362816865919425, "Tampa": -0.18473659612630464, "Total U.S.": 0.4037759634715167, "West": -0.067626045532987, "West Tex/New Mexico": -0.23003738728923653, "02": -0.03563405176087621, "03": 0.026732656857935896, "04": 0.08949445104732204, "05": 0.0749929442983603, "06": 0.11475362694436252, "07": 0.1631674239616423, "08": 0.1733320587477375, "09": 0.19532767902820528, "10": 0.1442690485890245, "11": 0.06160368811033894, "12": 0.020469872198109057}