{"total_volume": -2.8784803557872435e-08, "year": -0.010701491187611045, "Albany": 0.01491605015629005, "Atlanta": -0.17862264366571612, "Boise": -0.04187496611188771, "Boston": 0.059505509352827224, "Buffalo/Rochester": -0.08021630322844195, "California": 0.0530074470717945, "Charlotte": 0.0594023941885001, "Chicago": 0.0511121831893456, "Cincinnati/Dayton": -0.25284907902206355, "Columbus": -0.2656408612296617, "Dallas/Ft. Worth": -0.3845964780126088, "Denver": -0.2189769079128857, "Detroit": -0.2210091992487227, "Grand Rapids": -0.03500629376734826, "Great Lakes": -0.12318277814832232, "Harrisburg/Scranton": -0.10407954059450761, "Hartford/Springfield": 0.2673966968853873, "Houston": -0.3909868207707792, "Indianapolis": -0.2238402472173885, "Jacksonville": -0.08416213949046306, "Las Vegas": -0.1205727937133107, "Los Angeles": -0.12985953390975577, "Louisville": -0.22173474313970598, "Miami/Ft. Lauderdale": -0.13662530591691624, "Midsouth": -0.05736425453771889, "Nashville": -0.2725823989221894, "New Orleans/Mobile": -0.25459502279947105, "New York": 0.19787942722436447, "Northeast": 0.1317221346405696, "Northern New England": -0.019445870533921716, "Orlando": -0.1191774721032233, "Philadelphia": 0.05434486733911749, "Phoenix/Tucson": -0.24740298252240148, "Pittsburgh": -0.15713708899976042, "Plains": -0.10800718404984609, "Portland": -0.07025682741748122, "Raleigh/Greensboro": 0.05493110026961254, "Richmond/Norfolk": -0.2430772304601334, "Roanoke": -0.25158852555435485, "Sacramento": 0.11259066726466796, "San Diego": -0.007544005177153618, "San Francisco": 0.2896988963797462, "Seattle": 0.0697563656456529, "South Carolina": -0.10229737909958707, "South Central": -0.2821592442545118, "Southeast": -0.09793368383292006, "Spokane": 0.012334748066106072, "St. Louis": -0.014987064280140919, "Syracuse": -0.06805128811976174, "Tampa": -0.19231236556908216, "Total U.S.": 0.4052160591976489, "West": -0.060232105246006, "West Tex/New Mexico": -0.21172581969963866, "02": -0.035028451396565574, "03": 0.031275869286122554, "04": 0.08277856089349175, "05": 0.07543784982900012, "06": 0.11713493922580648, "07": 0.1665559620423707, "08": 0.1792032149349263, "09": 0.19820356296716002, "10": 0.158188133915323, "11": 0.07469354135645404, "12": 0.018073128501591262}