{
    "total_volume": -2.8869337744275367e-08,
    "year": -0.008207659080921859,
    "Atlanta": -0.19733452389835454,
    "Baltimore/Washington": 0.004096225961057659,
    "Boise": -0.06080192009560939,
    "Boston": 0.06267735111255607,
    "Buffalo/Rochester": -0.10185467074472807,
    "California": 0.05191994371929165,
    "Charlotte": 0.07432919989980363,
    "Chicago": 0.040239514607513016,
    "Cincinnati/Dayton": -0.2336693004596688,
    "Columbus": -0.2659765873785379,
    "Dallas/Ft. Worth": -0.3966210655515754,
    "Denver": -0.21127126635236587,
    "Detroit": -0.23261739152299477,
    "Grand Rapids": -0.046101178416642075,
    "Great Lakes": -0.10891870318417055,
    "Harrisburg/Scranton": -0.11540122321033525,
    "Hartford/Springfield": 0.29598019451382906,
    "Houston": -0.3921593787097061,
    "Indianapolis": -0.23085787063884952,
    "Jacksonville": -0.09840048202420282,
    "Las Vegas": -0.11692041917975066,
    "Los Angeles": -0.13326266484551721,
    "Louisville": -0.2112418142940437,
    "Miami/Ft. Lauderdale": -0.15027691417036068,
    "Midsouth": -0.06306536063989834,
    "Nashville": -0.28231755826013505,
    "New Orleans/Mobile": -0.25362501613358257,
    "New York": 0.19769741292136556,
    "Northeast": 0.12592136832305387,
    "Northern New England": -0.03869087579485905,
    "Orlando": -0.11474298077760797,
    "Philadelphia": 0.03552293392927253,
    "Phoenix/Tucson": -0.2760100305103091,
    "Pittsburgh": -0.16660017011060768,
    "Plains": -0.10772656847372652,
    "Portland": -0.06135367403674677,
    "Raleigh/Greensboro": 0.0762315080500364,
    "Richmond/Norfolk": -0.24330715848123652,
    "Roanoke": -0.25390842424111515,
    "Sacramento": 0.1022697796792715,
    "San Diego": -0.02959086098876834,
    "San Francisco": 0.2871291553979737,
    "Seattle": 0.06123901267424599,
    "South Carolina": -0.11021804358742013,
    "South Central": -0.27848493358436155,
    "Southeast": -0.09856700844251412,
    "Spokane": 0.00862090774041882,
    "St. Louis": -0.038133200940176665,
    "Syracuse": -0.0701782454720119,
    "Tampa": -0.1761288956961499,
    "Total U.S.": 0.4052638655957238,
    "West": -0.060834190776270836,
    "West Tex/New Mexico": -0.2506618051570616,
    "02": -0.03927107713938455,
    "03": 0.030004410853346763,
    "04": 0.08340617652559973,
    "05": 0.07400512892612393,
    "06": 0.11898876809961001,
    "07": 0.16300061219443193,
    "08": 0.18155039040967716,
    "09": 0.19118788182074242,
    "10": 0.14671054787394835,
    "11": 0.06975392387312664,
    "12": 0.02107357688170025
}
